    PRAGMA journal_mode=OFF;    PRAGMA count_changes=OFF;    DROP TABLE IF EXISTS files;    DROP TABLE IF EXISTS symbols;    DROP TABLE IF EXISTS mainrows;    DROP TABLE IF EXISTS children;    DROP TABLE IF EXISTS parents;    DROP TABLE IF EXISTS summary;    CREATE TABLE children (        self_id INTEGER CONSTRAINT self_exists REFERENCES mainrows(id),        parent_id INTEGER CONSTRAINT parent_exists REFERENCES mainrows(id),        from_parent_count INTEGER,        from_parent_calls INTEGER,        from_parent_paths INTEGER,        pct REAL    );    CREATE TABLE files (        id,        name TEXT    );    CREATE TABLE mainrows (        id INTEGER PRIMARY KEY,        symbol_id INTEGER CONSTRAINT symbol_id_exists REFERENCES symbols(id),        self_count INTEGER,        cumulative_count INTEGER,        kids INTEGER,        self_calls INTEGER,        total_calls INTEGER,        self_paths INTEGER,        total_paths INTEGER,        pct REAL    );    CREATE TABLE parents (        self_id INTEGER CONSTRAINT self_exists REFERENCES mainrows(id),        child_id INTEGER CONSTRAINT child_exists REFERENCES mainrows(id),        to_child_count INTEGER,        to_child_calls INTEGER,        to_child_paths INTEGER,        pct REAL    );    CREATE TABLE summary (        counter TEXT,        total_count INTEGER,        total_freq INTEGER,        tick_period REAL    );    CREATE TABLE symbols (        id,        name TEXT,        filename_id INTEGER CONSTRAINT file_id_exists REFERENCES files(id)    );    CREATE UNIQUE INDEX fileIndex ON files (id);    CREATE INDEX selfCountIndex ON mainrows(self_count);    CREATE UNIQUE INDEX symbolsIndex ON symbols (id);    CREATE INDEX totalCountIndex ON mainrows(cumulative_count);
INSERT INTO files(id, name) VALUES(10,"root");
INSERT INTO symbols(id, name, filename_id) VALUES (10,"root", 10);
INSERT INTO symbols(id, name, filename_id) VALUES (11,"JetMET", 10);
INSERT INTO symbols(id, name, filename_id) VALUES (12,"METv", 11);
INSERT INTO symbols(id, name, filename_id) VALUES (13,"genMetTrue", 12);
INSERT INTO symbols(id, name, filename_id) VALUES (14,"met", 12);
INSERT INTO symbols(id, name, filename_id) VALUES (15,"pfMet", 12);
INSERT INTO symbols(id, name, filename_id) VALUES (16,"pfType1CorrectedMet", 12);
INSERT INTO symbols(id, name, filename_id) VALUES (17,"tcMet", 12);
INSERT INTO mainrows(id, symbol_id, self_count, cumulative_count, kids, self_calls, total_calls, self_paths, total_paths, pct) VALUES(10,10,0,325908, 0,209,81477, 0, 160, 0);
INSERT INTO summary(counter, total_count, total_freq, tick_period) VALUES ("BINS_LIVE",325908,81477, 1);
INSERT INTO mainrows(id, symbol_id, self_count, cumulative_count, kids, self_calls, total_calls, self_paths, total_paths, pct) VALUES(11, 11, 325908, 325908, 1, 209, 81477, 160, 160, 0.0);
INSERT INTO mainrows(id, symbol_id, self_count, cumulative_count, kids, self_calls, total_calls, self_paths, total_paths, pct) VALUES(12, 12, 325908, 325908, 5, 209, 81477, 160, 160, 0.0);
INSERT INTO mainrows(id, symbol_id, self_count, cumulative_count, kids, self_calls, total_calls, self_paths, total_paths, pct) VALUES(13, 13, 23248, 23248, 0, 13, 5812, 13, 13, 0.0);
INSERT INTO mainrows(id, symbol_id, self_count, cumulative_count, kids, self_calls, total_calls, self_paths, total_paths, pct) VALUES(14, 14, 81024, 81024, 0, 27, 20256, 37, 37, 0.0);
INSERT INTO mainrows(id, symbol_id, self_count, cumulative_count, kids, self_calls, total_calls, self_paths, total_paths, pct) VALUES(15, 15, 89368, 89368, 0, 16, 22342, 35, 35, 0.0);
INSERT INTO mainrows(id, symbol_id, self_count, cumulative_count, kids, self_calls, total_calls, self_paths, total_paths, pct) VALUES(16, 16, 89368, 89368, 0, 0, 22342, 35, 35, 0.0);
INSERT INTO mainrows(id, symbol_id, self_count, cumulative_count, kids, self_calls, total_calls, self_paths, total_paths, pct) VALUES(17, 17, 42900, 42900, 0, 153, 10725, 40, 40, 0.0);
INSERT INTO parents(self_id, child_id, to_child_count, to_child_calls, to_child_paths, pct) VALUES(10,11,0,0,0,0);
INSERT INTO parents(self_id, child_id, to_child_count, to_child_calls, to_child_paths, pct) VALUES(11,12,0,0,0,0);
INSERT INTO parents(self_id, child_id, to_child_count, to_child_calls, to_child_paths, pct) VALUES(12,13,23248,5812,13,0);
INSERT INTO parents(self_id, child_id, to_child_count, to_child_calls, to_child_paths, pct) VALUES(12,14,81024,20256,37,0);
INSERT INTO parents(self_id, child_id, to_child_count, to_child_calls, to_child_paths, pct) VALUES(12,15,89368,22342,35,0);
INSERT INTO parents(self_id, child_id, to_child_count, to_child_calls, to_child_paths, pct) VALUES(12,16,89368,22342,35,0);
INSERT INTO parents(self_id, child_id, to_child_count, to_child_calls, to_child_paths, pct) VALUES(12,17,42900,10725,40,0);
INSERT INTO children(self_id, parent_id, from_parent_count, from_parent_calls, from_parent_paths, pct) VALUES(11,10,325908,209,0,0);
INSERT INTO children(self_id, parent_id, from_parent_count, from_parent_calls, from_parent_paths, pct) VALUES(12,11,325908,209,0,0);
INSERT INTO children(self_id, parent_id, from_parent_count, from_parent_calls, from_parent_paths, pct) VALUES(13,12,23248,13,13,0);
INSERT INTO children(self_id, parent_id, from_parent_count, from_parent_calls, from_parent_paths, pct) VALUES(14,12,81024,27,37,0);
INSERT INTO children(self_id, parent_id, from_parent_count, from_parent_calls, from_parent_paths, pct) VALUES(15,12,89368,16,35,0);
INSERT INTO children(self_id, parent_id, from_parent_count, from_parent_calls, from_parent_paths, pct) VALUES(16,12,89368,0,35,0);
INSERT INTO children(self_id, parent_id, from_parent_count, from_parent_calls, from_parent_paths, pct) VALUES(17,12,42900,153,40,0);

